{
  "version": "2.7.9",
  "turn": 16,
  "subturn": 3,
  "nextEvent": 17,
  "islandLim": 26,
  "bridgeCost": 4,
  "bridgesBuilt": 1,
  "islandCost": 3,
  "crossed": 0,
  "weather": {
    "intensity": 25,
    "type": "Earth_Damage",
    "begin": 16,
    "end": 16
  },
  "season": {
    "intensity": 25,
    "type": "Earth_Damage",
    "begin": 16,
    "end": 18
  },
  "temperature": 33,
  "temp": {
    "intensity": 33,
    "type": "ALL_DAMAGE",
    "begin": 16,
    "end": 16
  },
  "spells": [
    [
      {
        "neutralmin": 0,
        "neutralmax": 0,
        "earthmin": 0,
        "earthmax": 0,
        "thundermin": 0,
        "thundermax": 0,
        "watermin": 1,
        "watermax": 1,
        "firemin": 0,
        "firemax": 0,
        "airmin": 2,
        "airmax": 22,
        "healmin": 0,
        "healmax": 0,
        "manacost": 26,
        "rerollcost": 1,
        "name": "Blobhaj Knife",
        "rarity": "Common",
        "tier": 1
      },
      null,
      null,
      null,
      {
        "neutralmin": 0,
        "neutralmax": 0,
        "earthmin": 0,
        "earthmax": 0,
        "thundermin": 23,
        "thundermax": 33,
        "watermin": 0,
        "watermax": 0,
        "firemin": 0,
        "firemax": 0,
        "airmin": 0,
        "airmax": 0,
        "healmin": 0,
        "healmax": 0,
        "manacost": 48,
        "rerollcost": 1,
        "name": "Bonk Bonk",
        "rarity": "Unique",
        "tier": 1
      }
    ],
    [
      {
        "neutralmin": 2,
        "neutralmax": 102,
        "earthmin": 0,
        "earthmax": 0,
        "thundermin": 0,
        "thundermax": 0,
        "watermin": 0,
        "watermax": 0,
        "firemin": 0,
        "firemax": 0,
        "airmin": 0,
        "airmax": 0,
        "healmin": 0,
        "healmax": 0,
        "manacost": 59,
        "rerollcost": 1,
        "name": "Skill Issue",
        "rarity": "Unique",
        "tier": 1
      },
      {
        "neutralmin": 120,
        "neutralmax": 160,
        "earthmin": 0,
        "earthmax": 0,
        "thundermin": 0,
        "thundermax": 0,
        "watermin": 1,
        "watermax": 57,
        "firemin": 21,
        "firemax": 27,
        "airmin": 0,
        "airmax": 0,
        "healmin": 0,
        "healmax": 0,
        "manacost": 77,
        "rerollcost": 2,
        "name": "Bonk",
        "rarity": "Fabled",
        "tier": 1
      },
      {
        "neutralmin": 0,
        "neutralmax": 0,
        "earthmin": 1,
        "earthmax": 93,
        "thundermin": 0,
        "thundermax": 0,
        "watermin": 0,
        "watermax": 0,
        "firemin": 0,
        "firemax": 0,
        "airmin": 10,
        "airmax": 32,
        "healmin": 0,
        "healmax": 0,
        "manacost": 63,
        "rerollcost": 6,
        "name": "Big Slide",
        "rarity": "Common",
        "tier": 1
      },
      null,
      {
        "neutralmin": 24,
        "neutralmax": 82,
        "earthmin": 0,
        "earthmax": 0,
        "thundermin": 0,
        "thundermax": 0,
        "watermin": 0,
        "watermax": 0,
        "firemin": 0,
        "firemax": 0,
        "airmin": 0,
        "airmax": 0,
        "healmin": 0,
        "healmax": 0,
        "manacost": 71,
        "rerollcost": 1,
        "name": "Funni",
        "rarity": "Rare",
        "tier": 1
      }
    ],
    [
      null,
      null,
      null,
      null,
      {
        "neutralmin": 0,
        "neutralmax": 0,
        "earthmin": 0,
        "earthmax": 0,
        "thundermin": 6,
        "thundermax": 38,
        "watermin": 0,
        "watermax": 0,
        "firemin": 0,
        "firemax": 0,
        "airmin": 0,
        "airmax": 0,
        "healmin": 8,
        "healmax": 18,
        "manacost": 44,
        "rerollcost": 1,
        "name": "Sadge",
        "rarity": "Legendary",
        "tier": 1
      }
    ],
    [
      null,
      {
        "neutralmin": 0,
        "neutralmax": 0,
        "earthmin": 0,
        "earthmax": 0,
        "thundermin": 0,
        "thundermax": 0,
        "watermin": 9,
        "watermax": 193,
        "firemin": 0,
        "firemax": 0,
        "airmin": 0,
        "airmax": 0,
        "healmin": 0,
        "healmax": 0,
        "manacost": 77,
        "rerollcost": 2,
        "name": "BESH",
        "rarity": "Unique",
        "tier": 1
      },
      null,
      null,
      null
    ],
    [
      null,
      null,
      null,
      null,
      null
    ],
    [
      {
        "neutralmin": 0,
        "neutralmax": 0,
        "earthmin": 0,
        "earthmax": 0,
        "thundermin": 0,
        "thundermax": 0,
        "watermin": 0,
        "watermax": 0,
        "firemin": 0,
        "firemax": 0,
        "airmin": 21,
        "airmax": 43,
        "healmin": 0,
        "healmax": 0,
        "manacost": 29,
        "rerollcost": 1,
        "name": "Blobhaj Pat",
        "rarity": "Rare",
        "tier": 1
      },
      {
        "neutralmin": 0,
        "neutralmax": 0,
        "earthmin": 0,
        "earthmax": 0,
        "thundermin": 0,
        "thundermax": 0,
        "watermin": 32,
        "watermax": 92,
        "firemin": 0,
        "firemax": 0,
        "airmin": 0,
        "airmax": 0,
        "healmin": 0,
        "healmax": 0,
        "manacost": 59,
        "rerollcost": 2,
        "name": "Idle Island",
        "rarity": "Common",
        "tier": 1
      },
      {
        "neutralmin": 0,
        "neutralmax": 0,
        "earthmin": 8,
        "earthmax": 204,
        "thundermin": 0,
        "thundermax": 0,
        "watermin": 0,
        "watermax": 0,
        "firemin": 0,
        "firemax": 0,
        "airmin": 0,
        "airmax": 0,
        "healmin": 10,
        "healmax": 134,
        "manacost": 157,
        "rerollcost": 3,
        "name": "Cataclysm",
        "rarity": "Common",
        "tier": 1
      },
      null,
      {
        "neutralmin": 0,
        "neutralmax": 0,
        "earthmin": 0,
        "earthmax": 0,
        "thundermin": 4,
        "thundermax": 24,
        "watermin": 0,
        "watermax": 0,
        "firemin": 3,
        "firemax": 3,
        "airmin": 0,
        "airmax": 0,
        "healmin": 2,
        "healmax": 2,
        "manacost": 50,
        "rerollcost": 1,
        "name": "Splash Screen",
        "rarity": "Unique",
        "tier": 1
      }
    ]
  ],
  "weapons": [
    [
      null,
      {
        "neutralmin": 13,
        "neutralmax": 25,
        "earthmin": 0,
        "earthmax": 0,
        "thundermin": 0,
        "thundermax": 0,
        "watermin": 0,
        "watermax": 0,
        "firemin": 0,
        "firemax": 0,
        "airmin": 0,
        "airmax": 0,
        "rerollcost": 2,
        "name": "Blobhaj Bonk",
        "rarity": "Unique",
        "tier": 1
      }
    ],
    [
      null,
      {
        "neutralmin": 7,
        "neutralmax": 21,
        "earthmin": 0,
        "earthmax": 0,
        "thundermin": 0,
        "thundermax": 0,
        "watermin": 0,
        "watermax": 0,
        "firemin": 0,
        "firemax": 0,
        "airmin": 0,
        "airmax": 0,
        "rerollcost": 1,
        "name": "Noob",
        "rarity": "Common",
        "tier": 1
      }
    ],
    [
      null,
      null
    ],
    [
      null,
      null
    ],
    [
      null,
      null
    ],
    [
      null,
      null
    ]
  ],
  "arr": [
    {
      "gameLevel": 0,
      "lives": 2,
      "name": "Eric",
      "lvl": 13,
      "lvlxp": 108.1,
      "nextlvl": 2700,
      "abilityPoints": 51,
      "hp": 2473.21,
      "maxhp": 2500,
      "hpregen": 10,
      "mana": 100,
      "maxmana": 100,
      "manaregen": 1,
      "neutraldmg": 0,
      "strength": 80,
      "dexterity": 0,
      "intelligence": 0,
      "defence": 80,
      "agility": 0,
      "spellcost": 0,
      "earthdef": 0,
      "thunderdef": 0,
      "waterdef": 0,
      "firedef": 0,
      "airdef": 0,
      "rerolls": 0,
      "lotterynums": {
        "first": 0,
        "second": 0,
        "third": 0
      },
      "potionBag": []
    },
    {
      "gameLevel": 0,
      "lives": 2,
      "name": "Chris",
      "lvl": 10,
      "lvlxp": 173.89,
      "nextlvl": 1800,
      "abilityPoints": 26,
      "hp": 2166.36,
      "maxhp": 2500,
      "hpregen": 10,
      "mana": 100,
      "maxmana": 100,
      "manaregen": 1,
      "neutraldmg": 0,
      "strength": 8,
      "dexterity": 0,
      "intelligence": 17,
      "defence": 19,
      "agility": 0,
      "spellcost": 0,
      "earthdef": 0,
      "thunderdef": 0,
      "waterdef": 0,
      "firedef": 0,
      "airdef": 0,
      "rerolls": 0,
      "lotterynums": {
        "first": 0,
        "second": 0,
        "third": 0
      },
      "potionBag": []
    },
    {
      "gameLevel": 0,
      "lives": 2,
      "name": "April",
      "lvl": 2,
      "lvlxp": -697.51,
      "nextlvl": 300,
      "abilityPoints": 6,
      "hp": 1369.33,
      "maxhp": 2500,
      "hpregen": 10,
      "mana": 100,
      "maxmana": 100,
      "manaregen": 1,
      "neutraldmg": 0,
      "strength": 0,
      "dexterity": 0,
      "intelligence": 0,
      "defence": 12,
      "agility": 0,
      "spellcost": 0,
      "earthdef": 0,
      "thunderdef": 0,
      "waterdef": 0,
      "firedef": 0,
      "airdef": 0,
      "rerolls": 0,
      "lotterynums": {
        "first": 0,
        "second": 0,
        "third": 0
      },
      "potionBag": []
    },
    {
      "gameLevel": 0,
      "lives": 2,
      "name": "Michael",
      "lvl": 4,
      "lvlxp": -10.51,
      "nextlvl": 500,
      "abilityPoints": 10,
      "hp": 851.27,
      "maxhp": 2500,
      "hpregen": 10,
      "mana": 100,
      "maxmana": 100,
      "manaregen": 1,
      "neutraldmg": 0,
      "strength": 16,
      "dexterity": 0,
      "intelligence": 0,
      "defence": 0,
      "agility": 0,
      "spellcost": 0,
      "earthdef": 0,
      "thunderdef": 0,
      "waterdef": 0,
      "firedef": 0,
      "airdef": 0,
      "rerolls": 0,
      "lotterynums": {
        "first": 0,
        "second": 0,
        "third": 0
      },
      "potionBag": []
    },
    {
      "gameLevel": 0,
      "lives": 2,
      "name": "Ian",
      "lvl": 4,
      "lvlxp": 412.54,
      "nextlvl": 500,
      "abilityPoints": 6,
      "hp": 1214.55,
      "maxhp": 2500,
      "hpregen": 10,
      "mana": 100,
      "maxmana": 100,
      "manaregen": 1,
      "neutraldmg": 0,
      "strength": 0,
      "dexterity": 0,
      "intelligence": 0,
      "defence": 37,
      "agility": 0,
      "spellcost": 0,
      "earthdef": 0,
      "thunderdef": 0,
      "waterdef": 0,
      "firedef": 0,
      "airdef": 0,
      "rerolls": 0,
      "lotterynums": {
        "first": 0,
        "second": 0,
        "third": 0
      },
      "potionBag": []
    },
    {
      "gameLevel": 0,
      "lives": 2,
      "name": "Victor",
      "lvl": 8,
      "lvlxp": 44.48,
      "nextlvl": 1300,
      "abilityPoints": 13,
      "hp": 1235.03,
      "maxhp": 2500,
      "hpregen": 10,
      "mana": 100,
      "maxmana": 100,
      "manaregen": 1,
      "neutraldmg": 0,
      "strength": 0,
      "dexterity": 0,
      "intelligence": 0,
      "defence": 0,
      "agility": 0,
      "spellcost": 0,
      "earthdef": 0,
      "thunderdef": 0,
      "waterdef": 0,
      "firedef": 0,
      "airdef": 0,
      "rerolls": 0,
      "lotterynums": {
        "first": 0,
        "second": 0,
        "third": 0
      },
      "potionBag": []
    }
  ],
  "lst": [
    {
      "intensity": -75,
      "type": "Neutral_Damage",
      "begin": 12,
      "end": 16
    },
    {
      "intensity": -25,
      "type": "Thunder_Defence",
      "begin": 14,
      "end": 17
    },
    {
      "intensity": 50,
      "type": "Spell_Cost",
      "begin": 15,
      "end": 16
    },
    {
      "intensity": -50,
      "type": "Melee_Damage",
      "begin": 16,
      "end": 18
    },
    {
      "intensity": 25,
      "type": "Earth_Damage",
      "begin": 16,
      "end": 16
    },
    {
      "intensity": 25,
      "type": "Earth_Damage",
      "begin": 16,
      "end": 18
    },
    {
      "intensity": 33,
      "type": "ALL_DAMAGE",
      "begin": 16,
      "end": 16
    }
  ],
  "curevent": [
    {
      "intensity": -75,
      "type": "Neutral_Damage",
      "begin": 12,
      "end": 16
    },
    {
      "intensity": -25,
      "type": "Thunder_Defence",
      "begin": 14,
      "end": 17
    },
    {
      "intensity": 50,
      "type": "Spell_Cost",
      "begin": 15,
      "end": 16
    },
    {
      "intensity": -50,
      "type": "Melee_Damage",
      "begin": 16,
      "end": 18
    }
  ],
  "status": [
    {
      "neutraldmg": -6324.64,
      "earthdmg": 29574.8,
      "thunderdmg": 38.65,
      "waterdmg": 2094.38,
      "firedmg": 11524.08,
      "airdmg": 4746.29,
      "heal": -114.0,
      "manause": 0.0,
      "meleedmg": 0.0,
      "rangeddmg": 0.0,
      "spelldmg": 0.0,
      "apreward": 0,
      "done": false
    },
    {
      "neutraldmg": -3440.62,
      "earthdmg": 21733.91,
      "thunderdmg": 2474.67,
      "waterdmg": 3967.72,
      "firedmg": 3531.05,
      "airdmg": 2642.86,
      "heal": -114.0,
      "manause": 0.0,
      "meleedmg": 0.0,
      "rangeddmg": 0.0,
      "spelldmg": 0.0,
      "apreward": 0,
      "done": false
    },
    {
      "neutraldmg": -1037.4,
      "earthdmg": 513.9,
      "thunderdmg": 0.0,
      "waterdmg": 0.0,
      "firedmg": 15.6,
      "airdmg": 110.4,
      "heal": -150.0,
      "manause": 0.0,
      "meleedmg": 0.0,
      "rangeddmg": 0.0,
      "spelldmg": 0.0,
      "apreward": 0,
      "done": false
    },
    {
      "neutraldmg": -572.82,
      "earthdmg": 955.63,
      "thunderdmg": 222.73,
      "waterdmg": 130.62,
      "firedmg": 138.0,
      "airdmg": 115.36,
      "heal": -150.0,
      "manause": 0.0,
      "meleedmg": 0.0,
      "rangeddmg": 0.0,
      "spelldmg": 0.0,
      "apreward": 0,
      "done": false
    },
    {
      "neutraldmg": -1120.83,
      "earthdmg": 1895.37,
      "thunderdmg": 274.74,
      "waterdmg": 36.7,
      "firedmg": 126.2,
      "airdmg": 200.38,
      "heal": -150.0,
      "manause": 0.0,
      "meleedmg": 0.0,
      "rangeddmg": 0.0,
      "spelldmg": 0.0,
      "apreward": 0,
      "done": false
    },
    {
      "neutraldmg": -1232.58,
      "earthdmg": 5277.65,
      "thunderdmg": 278.26,
      "waterdmg": 681.74,
      "firedmg": 274.89,
      "airdmg": 0.0,
      "heal": -148.0,
      "manause": 0.0,
      "meleedmg": 0.0,
      "rangeddmg": 0.0,
      "spelldmg": 0.0,
      "apreward": 0,
      "done": false
    }
  ],
  "goals": [
    {
      "neutraldmg": 0.0,
      "earthdmg": 0.0,
      "thunderdmg": 0.0,
      "waterdmg": 0.0,
      "firedmg": 0.0,
      "airdmg": 0.0,
      "heal": 50.0,
      "manause": 0.0,
      "meleedmg": 0.0,
      "rangeddmg": 0.0,
      "spelldmg": 0.0,
      "apreward": 1,
      "done": false
    },
    {
      "neutraldmg": 0.0,
      "earthdmg": 100.0,
      "thunderdmg": 0.0,
      "waterdmg": 0.0,
      "firedmg": 0.0,
      "airdmg": 0.0,
      "heal": 0.0,
      "manause": 0.0,
      "meleedmg": 0.0,
      "rangeddmg": 0.0,
      "spelldmg": 0.0,
      "apreward": 2,
      "done": true
    },
    {
      "neutraldmg": 0.0,
      "earthdmg": 0.0,
      "thunderdmg": 0.0,
      "waterdmg": 0.0,
      "firedmg": 0.0,
      "airdmg": 0.0,
      "heal": 200.0,
      "manause": 0.0,
      "meleedmg": 0.0,
      "rangeddmg": 0.0,
      "spelldmg": 0.0,
      "apreward": 4,
      "done": false
    },
    {
      "neutraldmg": 0.0,
      "earthdmg": 0.0,
      "thunderdmg": 0.0,
      "waterdmg": 0.0,
      "firedmg": 0.0,
      "airdmg": 0.0,
      "heal": 400.0,
      "manause": 0.0,
      "meleedmg": 0.0,
      "rangeddmg": 0.0,
      "spelldmg": 0.0,
      "apreward": 8,
      "done": false
    },
    {
      "neutraldmg": 0.0,
      "earthdmg": 0.0,
      "thunderdmg": 0.0,
      "waterdmg": 800.0,
      "firedmg": 0.0,
      "airdmg": 0.0,
      "heal": 0.0,
      "manause": 0.0,
      "meleedmg": 0.0,
      "rangeddmg": 0.0,
      "spelldmg": 0.0,
      "apreward": 16,
      "done": true
    },
    {
      "neutraldmg": 0.0,
      "earthdmg": 0.0,
      "thunderdmg": 0.0,
      "waterdmg": 0.0,
      "firedmg": 1600.0,
      "airdmg": 0.0,
      "heal": 0.0,
      "manause": 0.0,
      "meleedmg": 0.0,
      "rangeddmg": 0.0,
      "spelldmg": 0.0,
      "apreward": 32,
      "done": true
    }
  ],
  "bridges": [
    [],
    [
      {
        "first": 2,
        "second": 1,
        "third": 0
      }
    ],
    [
      {
        "first": 1,
        "second": 1,
        "third": 0
      },
      {
        "first": 3,
        "second": 0,
        "third": 0
      }
    ],
    [
      {
        "first": 2,
        "second": 0,
        "third": 0
      }
    ],
    [],
    [],
    [],
    [],
    [],
    [],
    [],
    [],
    [],
    [],
    [],
    [],
    [],
    [],
    [],
    [],
    [],
    [],
    [],
    [],
    [],
    []
  ],
  "location": [
    3,
    1,
    3,
    2,
    2,
    3
  ],
  "eventLog": [
    "Turn 15-5: Ian melee\u0027d Michael for 76.84 damage",
    "Turn 15-6: Victor melee\u0027d Ian for 44.77 damage",
    "Turn 15-6: Victor melee\u0027d Michael for 337.58 damage",
    "Turn 15-6: Victor melee\u0027d April for 50.03 damage",
    "Turn 16-1: Eric melee\u0027d Chris for 160.0 damage",
    "Turn 16-1: Eric melee\u0027d Chris for 160.0 damage",
    "Turn 16-1: Eric melee\u0027d Michael for 64.0 damage",
    "Turn 16-1: Eric melee\u0027d Michael for 841.39 damage",
    "Turn 16-1: Eric melee\u0027d Ian for 561.05 damage",
    "Turn 16-1: Eric melee\u0027d Ian for 80.0 damage",
    "Turn 16-1: Eric melee\u0027d Victor for 48.0 damage",
    "Turn 16-1: Eric melee\u0027d Victor for 160.0 damage",
    "Turn 16-1: Eric melee\u0027d April for 477.57 damage",
    "Turn 16-1: Eric melee\u0027d April for 160.0 damage",
    "Turn 16-1: Eric attacked Chris with spell 1 for -92.36 damage",
    "Turn 16-2: Chris melee\u0027d Michael for 21.6 damage",
    "Turn 16-2: Chris melee\u0027d Michael for 25.0 damage",
    "Turn 16-2: Chris melee\u0027d Ian for 250.2 damage",
    "Turn 16-2: Chris melee\u0027d Ian for 44.0 damage",
    "Turn 16-2: Chris melee\u0027d Eric for 89.98 damage",
    "Turn 16-2: Chris melee\u0027d Eric for 44.0 damage",
    "Turn 16-2: Chris melee\u0027d April for 26.39 damage",
    "Turn 16-2: Chris melee\u0027d April for 36.0 damage",
    "Turn 16-2: Chris melee\u0027d Victor for 26.39 damage",
    "Turn 16-2: Chris melee\u0027d Victor for 452.83 damage"
  ],
  "tickets": 0,
  "jackpot": 100,
  "playersAlive": 6,
  "potionEffects": []
}