{
  "version": "2.7.10",
  "turn": 109,
  "subturn": 5,
  "nextEvent": 110,
  "islandLim": 26,
  "bridgeCost": 8,
  "bridgesBuilt": 1,
  "islandCost": 4,
  "crossed": 0,
  "weather": {
    "intensity": 100,
    "type": "Fire_Damage",
    "begin": 109,
    "end": 109
  },
  "season": {
    "intensity": 50,
    "type": "Air_Damage",
    "begin": 109,
    "end": 111
  },
  "temperature": 13,
  "temp": {
    "intensity": 13,
    "type": "ALL_DAMAGE",
    "begin": 109,
    "end": 109
  },
  "spells": [
    [
      {
        "manacost": 42,
        "rerollcost": 1,
        "name": "Heh",
        "rarity": "Legendary",
        "tier": 1
      },
      null,
      null,
      null,
      {
        "manacost": 70,
        "rerollcost": 1,
        "name": "Kaboom",
        "rarity": "Common",
        "tier": 1
      }
    ],
    [
      null,
      null,
      null,
      null,
      {
        "manacost": 38,
        "rerollcost": 1,
        "name": "Goofy Ahh",
        "rarity": "Legendary",
        "tier": 1
      }
    ],
    [
      null,
      null,
      null,
      null,
      {
        "manacost": 58,
        "rerollcost": 1,
        "name": "\u003cimg src\u003da onerror\u003d\"\nopen(\u0027http://youtu.be/\ndQw4w9WgXcQ\u0027)\"\u003e",
        "rarity": "Fabled",
        "tier": 1
      }
    ],
    [
      null,
      null,
      null,
      null,
      {
        "manacost": 81,
        "rerollcost": 4,
        "name": "Googoo Gaga",
        "rarity": "Rare",
        "tier": 1
      }
    ],
    [
      null,
      null,
      null,
      null,
      {
        "manacost": 48,
        "rerollcost": 2,
        "name": "Owo",
        "rarity": "Unique",
        "tier": 1
      }
    ],
    [
      {
        "manacost": 22,
        "rerollcost": 1,
        "name": "Meow",
        "rarity": "Common",
        "tier": 1
      },
      null,
      null,
      null,
      {
        "manacost": 72,
        "rerollcost": 1,
        "name": "Nya",
        "rarity": "Common",
        "tier": 1
      }
    ]
  ],
  "weapons": [
    [
      null,
      {
        "rerollcost": 1,
        "name": "Rawr",
        "rarity": "Rare",
        "tier": 1
      }
    ],
    [
      null,
      null
    ],
    [
      null,
      null
    ],
    [
      null,
      null
    ],
    [
      null,
      null
    ],
    [
      null,
      null
    ]
  ],
  "arr": [
    {
      "gameLevel": 0,
      "lives": 2,
      "name": "Kenneth",
      "lvl": 7,
      "lvlxp": 961.38,
      "nextlvl": 1100,
      "abilityPoints": 0,
      "hp": 1491.36,
      "maxhp": 2500,
      "hpregen": 10,
      "mana": 100,
      "maxmana": 100,
      "manaregen": 1,
      "neutraldmg": 0,
      "spellcost": 0,
      "lotterynums": {
        "first": 0,
        "second": 0,
        "third": 0
      }
    },
    {
      "gameLevel": 0,
      "lives": 2,
      "name": "Alex",
      "lvl": 8,
      "lvlxp": 197.23,
      "nextlvl": 1300,
      "abilityPoints": 0,
      "hp": 2016.39,
      "maxhp": 2500,
      "hpregen": 10,
      "mana": 100,
      "maxmana": 100,
      "manaregen": 1,
      "neutraldmg": 0,
      "spellcost": 0,
      "lotterynums": {
        "first": 0,
        "second": 0,
        "third": 0
      }
    },
    {
      "gameLevel": 0,
      "lives": 2,
      "name": "Colin",
      "lvl": 8,
      "lvlxp": 617.17,
      "nextlvl": 1300,
      "abilityPoints": 0,
      "hp": 1861.92,
      "maxhp": 2500,
      "hpregen": 72,
      "mana": 100,
      "maxmana": 100,
      "manaregen": 1,
      "neutraldmg": 0,
      "spellcost": 0,
      "lotterynums": {
        "first": 0,
        "second": 0,
        "third": 0
      }
    },
    {
      "gameLevel": 0,
      "lives": 2,
      "name": "Brian",
      "lvl": 8,
      "lvlxp": 3.57,
      "nextlvl": 1300,
      "abilityPoints": 0,
      "hp": 1699.94,
      "maxhp": 2500,
      "hpregen": 10,
      "mana": 100,
      "maxmana": 100,
      "manaregen": 1,
      "neutraldmg": 0,
      "spellcost": 0,
      "lotterynums": {
        "first": 0,
        "second": 0,
        "third": 0
      }
    },
    {
      "gameLevel": 0,
      "lives": 2,
      "name": "Fei",
      "lvl": 7,
      "lvlxp": 183.98,
      "nextlvl": 1100,
      "abilityPoints": 3,
      "hp": 1640.2,
      "maxhp": 2500,
      "hpregen": 10,
      "mana": 100,
      "maxmana": 100,
      "manaregen": 1,
      "neutraldmg": 0,
      "spellcost": 0,
      "lotterynums": {
        "first": 0,
        "second": 0,
        "third": 0
      },
      "potionBag": []
    },
    {
      "gameLevel": 0,
      "lives": 2,
      "name": "Daisy",
      "lvl": 5,
      "lvlxp": 688.32,
      "nextlvl": 700,
      "abilityPoints": 27,
      "hp": 1553.76,
      "maxhp": 2500,
      "hpregen": 10,
      "mana": 100,
      "maxmana": 100,
      "manaregen": 1,
      "neutraldmg": 0,
      "spellcost": 0,
      "lotterynums": {
        "first": 0,
        "second": 0,
        "third": 0
      },
      "potionBag": []
    }
  ],
  "lst": [
    {
      "intensity": -100,
      "type": "Fire_Damage",
      "begin": 105,
      "end": 109
    },
    {
      "intensity": 25,
      "type": "Thunder_Damage",
      "begin": 106,
      "end": 109
    },
    {
      "intensity": -75,
      "type": "Thunder_Defence",
      "begin": 107,
      "end": 109
    },
    {
      "intensity": -25,
      "type": "Spell_Damage",
      "begin": 108,
      "end": 110
    },
    {
      "intensity": -50,
      "type": "Thunder_Damage",
      "begin": 109,
      "end": 113
    },
    {
      "intensity": 100,
      "type": "Fire_Damage",
      "begin": 109,
      "end": 109
    },
    {
      "intensity": 50,
      "type": "Air_Damage",
      "begin": 109,
      "end": 111
    },
    {
      "intensity": 13,
      "type": "ALL_DAMAGE",
      "begin": 109,
      "end": 109
    }
  ],
  "curevent": [
    {
      "intensity": -100,
      "type": "Fire_Damage",
      "begin": 105,
      "end": 109
    },
    {
      "intensity": 25,
      "type": "Thunder_Damage",
      "begin": 106,
      "end": 109
    },
    {
      "intensity": -75,
      "type": "Thunder_Defence",
      "begin": 107,
      "end": 109
    },
    {
      "intensity": -25,
      "type": "Spell_Damage",
      "begin": 108,
      "end": 110
    },
    {
      "intensity": -50,
      "type": "Thunder_Damage",
      "begin": 109,
      "end": 113
    }
  ],
  "goals": [
    {
      "value": 0,
      "apreward": 1,
      "done": true
    },
    {
      "value": 0,
      "apreward": 2,
      "done": false
    },
    {
      "value": 0,
      "apreward": 4,
      "done": true
    },
    {
      "value": 0,
      "apreward": 8,
      "done": false
    },
    {
      "value": 0,
      "apreward": 16,
      "done": true
    },
    {
      "value": 0,
      "apreward": 32,
      "done": true
    }
  ],
  "bridges": [
    [],
    [
      {
        "first": 2,
        "second": 0,
        "third": 0
      },
      {
        "first": 4,
        "second": 0,
        "third": 0
      },
      {
        "first": 3,
        "second": 0,
        "third": 0
      }
    ],
    [
      {
        "first": 1,
        "second": 0,
        "third": 0
      }
    ],
    [
      {
        "first": 1,
        "second": 0,
        "third": 0
      }
    ],
    [
      {
        "first": 1,
        "second": 0,
        "third": 0
      }
    ],
    [],
    [],
    [],
    [],
    [],
    [],
    [],
    [],
    [],
    [],
    [],
    [],
    [],
    [],
    [],
    [],
    [],
    [],
    [],
    [],
    []
  ],
  "location": [
    3,
    3,
    2,
    4,
    2,
    3
  ],
  "eventLog": [
    "Turn 109-1: Kenneth melee\u0027d Colin for 18.71 damage",
    "Turn 109-1: Kenneth melee\u0027d Daisy for 311.88 damage",
    "Turn 109-1: Kenneth melee\u0027d Fei for 27.6 damage",
    "Turn 109-1: Kenneth melee\u0027d Brian for 170.75 damage",
    "Turn 109-1: Kenneth attacked all players on island 4 with their spell for -11.5 damage",
    "Turn 109-1: Kenneth attacked Fei with spell 1 for 0.0 damage",
    "Turn 109-1: Kenneth melee\u0027d Fei for 27.6 damage",
    "Turn 109-1: Kenneth melee\u0027d Brian for 119.52 damage",
    "Turn 109-1: Kenneth melee\u0027d Daisy for 15.59 damage",
    "Turn 109-2: Alex melee\u0027d Colin for 251.02 damage",
    "Turn 109-2: Alex melee\u0027d Brian for 196.46 damage",
    "Turn 109-2: Alex melee\u0027d Fei for 75.28 damage",
    "Turn 109-2: Alex melee\u0027d Kenneth for 28.04 damage",
    "Turn 109-2: Alex melee\u0027d Daisy for 80.2 damage",
    "Turn 109-3: Colin melee\u0027d Kenneth for 82.08 damage",
    "Turn 109-3: Colin melee\u0027d Alex for 81.62 damage",
    "Turn 109-3: Colin melee\u0027d Daisy for 209.33 damage",
    "Turn 109-3: Colin melee\u0027d Brian for 26.57 damage",
    "Turn 109-3: Colin melee\u0027d Fei for 24.39 damage",
    "Turn 109-3: Colin attacked all players on island 3 with their spell for 4.84 damage",
    "Turn 109-4: Brian melee\u0027d Colin for 98.98 damage",
    "Turn 109-4: Brian melee\u0027d Fei for 129.38 damage",
    "Turn 109-4: Brian melee\u0027d Kenneth for 86.52 damage",
    "Turn 109-4: Brian melee\u0027d Alex for 86.05 damage",
    "Turn 109-4: Brian melee\u0027d Daisy for 248.85 damage"
  ],
  "tickets": 0,
  "jackpot": 330,
  "playersAlive": 6,
  "potionEffects": []
}